article_id,visibility,sphere,article_format,title,summary,target_audience,difficulty_level,estimated_read_minutes,primary_skill,related_skills,author_name,article_status,tags,last_activity_days_ago
#AR00001,Приватный,GameDev,health game analysis,Игровая реабилитация после травм: где геймификация действительно лечит,"Статья разбирает, как мотивация, обратная связь и отслеживание прогресса могут усилить терапию без превращения ее в аттракцион.","healthtech builders, gamedev teams, therapists",intermediate,8,GameDev,GameDev | Mobile | AI / ML,Максим Макаров,review,rehab | health-gaming | motion,5
#AR00002,Публичный,Security,governance article,"Privilege drift в SaaS: почему доступы опаснее, чем кажутся","Статья о накоплении лишних прав, токсичных сочетаниях ролей и сигналах, которые команды обычно не замечают.","security teams, SaaS admins, DevOps engineers",intermediate,8,Security,Security | DevOps | Data Science,Роман Соколова,draft,access-control | governance | saas-security,29
#AR00003,Публичный,Security,identity article,Passkeys для реального бизнеса: что мешает passwordless стать нормой,Материал о технических и организационных барьерах при переходе на phishing-resistant аутентификацию.,"security teams, IAM engineers, product leads",intermediate,15,Security,Security | Backend | Mobile,Арсений Захаров,review,passkeys | identity | authentication,20
#AR00004,Публичный,Mobile,creator economy article,"Фрилансеру нужен sidekick, а не бухгалтерия в кармане","Статья о мобильных финансовых продуктах, которые говорят с креаторами простым языком и помогают переживать неровный доход.","creator economy startups, mobile teams, fintech PMs",beginner,10,Mobile,Mobile | Data Science | Backend,Юлия Морозов,published,freelance | fintech | creator-economy,8
#AR00005,Публичный,Backend,engineering opinion,"Когда event-driven архитектура действительно проще, а когда нет",Материал помогает отличить полезную событийность от преждевременного усложнения инфраструктуры и процессов.,"backend engineers, tech leads, startup CTOs",intermediate,6,Backend,Backend | DevOps | Frontend,Тимур Смирнов,review,event-driven | architecture | complexity,27
#AR00006,Публичный,Data Science,impact analytics guide,Как НКО принимать решения о распределении помощи с опорой на данные,"Материал о моделях срочности, ограничениях доноров и прозрачности распределения в благотворительных фондах.","nonprofits, data analysts, ops teams",intermediate,10,Data Science,Data Science | Backend | Security,Полина Федорова,review,nonprofit | optimization | impact,8
#AR00007,Публичный,Backend,system design,Workflow engine для длинных согласований: когда state machine окупается,"Материал помогает понять, когда сложные маршруты согласований стоит выносить в отдельный backend-движок.","backend engineers, product owners, enterprise architects",intermediate,6,Backend,Backend | Frontend | Security,Алексей Федорова,published,workflow | state-machine | enterprise,12
#AR00008,Публичный,UX/UI Design,applied research,"Киосковый UX: что меняется, когда интерфейсом пользуются стоя и в спешке","Разбор публичных терминалов и зон самообслуживания с точки зрения моторики, стресса, приватности и скорости сценариев.","UX researchers, service designers, public tech teams",beginner,6,UX/UI Design,UX/UI Design | Frontend | Security,Дарья Захаров,published,kiosk | public-service | human-factors,10
#AR00009,Публичный,Frontend,frontend analysis,Collaborative dashboards: почему графикам мало просто обновляться,"Разбор новых аналитических интерфейсов, где ценность создают комментарии, совместное чтение и принятие решений в контексте данных.","frontend engineers, product designers, analytics teams",beginner,8,Frontend,Frontend | UX/UI Design | Data Science,Екатерина Жукова,review,dashboard | collaboration | analytics,6
#AR00010,Публичный,AI / ML,practical explainer,Retail computer vision без иллюзий: когда фото полок реально окупаются,"Разбор бизнес-условий, при которых компьютерное зрение для мерчендайзинга даёт не демо-эффект, а реальную экономику.","ML engineers, retail analysts, product managers",intermediate,15,AI / ML,AI / ML | Data Science | Mobile,Алексей Васильев,published,computer-vision | retail | roi,23
#AR00011,Приватный,GameDev,systems game article,Стратегии про устойчивый город: как объяснять системное мышление через игру,"Материал о стратегиях, где энергия, отходы, бюджет и доверие жителей становятся частью одного игрового баланса.","gamedev designers, civic educators, simulation teams",intermediate,15,GameDev,GameDev | Data Science | Frontend,Юлия Макаров,draft,city-builder | sustainability | systems-thinking,19
#AR00012,Публичный,UX/UI Design,case breakdown,Accessibility-first онбординг для SaaS: где чаще всего теряют людей,"Статья показывает, как ошибки в первом опыте пользователя влияют на активацию, доверие и возврат в продукт.","UX/UI designers, growth-команды, founders",intermediate,12,UX/UI Design,UX/UI Design | Frontend | Data Science,Татьяна Степанова,published,onboarding | saas | ux-research,12
#AR00013,Приватный,GameDev,learning game essay,Языковые игры с социальным циклом: почему сценарии сильнее карточек,"Статья о том, как ролевые микро-сцены и командные задачи усиливают изучение языка через действие.","gamedev teams, language product teams, mobile founders",beginner,15,GameDev,GameDev | Mobile | AI / ML,Вероника Жукова,published,language-learning | social-game | motivation,22
#AR00014,Публичный,Data Science,decision science article,Симуляторы тарифов для парковок и транспорта: продукт на стыке данных и политики,"Текст о том, как аналитические симуляторы помогают тестировать правила до внедрения и спорить предметно.","urban tech teams, analysts, civic product managers",intermediate,10,Data Science,Data Science | Frontend | Backend,Арсений Новиков,published,simulation | pricing | urban-tech,10
#AR00015,Публичный,Mobile,startup article,Паспорт здоровья питомца как новый тип everyday utility app,"Материал о том, почему pet care apps становятся сильнее, когда решают рутину, а не только продают услуги.","mobile founders, pettech teams, UX designers",intermediate,10,Mobile,Mobile | Backend | UX/UI Design,София Орлова,published,pet-care | records | utility-app,24
#AR00016,Публичный,Security,security strategy article,Deepfake-документы и доверие к операциям: новая головная боль B2B-сервисов,"Материал о том, как компании пересматривают проверку подлинности запросов и документов в эпоху синтетического контента.","security architects, legaltech founders, compliance teams",intermediate,10,Security,Security | AI / ML | Backend,Михаил Козлова,published,deepfake | document-security | trust,12
#AR00017,Приватный,Data Science,edtech analysis,"Предсказать отчисление в онлайн-обучении до того, как студент исчезнет","Статья показывает, как early warning analytics помогает вовремя заметить риск выпадения из обучения.","edtech analysts, course teams, learning designers",beginner,12,Data Science,Data Science | AI / ML | UX/UI Design,Дарья Попова,review,retention | edtech | student-success,29
#AR00018,Публичный,Backend,backend guide,"Вебхуки как продукт: replay, подписи и право на ошибку","Разбор того, почему интеграционная платформа начинается не с endpoint, а с надежности доставки и расследования ошибок.","backend engineers, integration teams, platform architects",advanced,8,Backend,Backend | Security | DevOps,Виктория Захаров,published,webhooks | integration | reliability,29
#AR00019,Публичный,GameDev,game design article,Serious games для кибербезопасности: чему люди учатся только через симуляцию,"Материал о кооперативных и ролевых тренажерах, где команды учатся реагировать на инциденты через действие, а не лекцию.","game designers, security trainers, learning teams",beginner,10,GameDev,GameDev | Security | UX/UI Design,Юлия Семенов,review,serious-games | cybersecurity | simulation,14
#AR00020,Публичный,AI / ML,industry analysis,Voice AI в клиниках: где заканчивается автоматизация и начинается риск,"Материал о голосовых агентах для записи, триажа и первичного приема с разбором границ допустимой автономности.","AI teams, healthcare founders, backend engineers",intermediate,6,AI / ML,AI / ML | Backend | Data Science,Арина Жукова,draft,voice-ai | healthcare | risk,18
#AR00021,Публичный,AI / ML,technical deep dive,ML-анализ аномалий энергопотребления: от графика к действию,"Статья о том, как превратить обнаружение аномалий в понятные операционные рекомендации для реальных зданий и сетей.","data scientists, IoT teams, energy startups",beginner,12,AI / ML,AI / ML | Data Science | Frontend,Виктория Соколова,published,anomaly-detection | energy | mlops,30
#AR00022,Публичный,Frontend,workflow article,"Асинхронное ревью медиа-контента: интерфейсы для команд, которые не сидят в одном созвоне","Материал о веб-продуктах, которые объединяют версии, тайм-коды, комментарии и финальные решения в одном месте.","frontend developers, media teams, product designers",intermediate,6,Frontend,Frontend | UX/UI Design | Mobile,Арина Егоров,published,media-review | async-work | workflow,1
#AR00023,Публичный,GameDev,industry crossover,Операционные симуляторы для складов и логистики как новый EdTech,"Статья о том, как игровые механики помогают учить сотрудников очередям, приоритетам и перегрузке систем.","gamedev teams, logistics startups, L&D specialists",intermediate,12,GameDev,GameDev | Data Science | Backend,Алина Орлова,draft,logistics | training | operations,15
#AR00024,Публичный,Data Science,data case study,"Как прогнозировать остатки еды, а не только продажи","Статья о моделях, которые помогают не просто оценивать спрос, а минимизировать списания и потери продуктов.","data scientists, retail analysts, sustainability teams",advanced,6,Data Science,Data Science | Mobile | Backend,Никита Попова,draft,forecasting | food-waste | retail,22
#AR00025,Публичный,DevOps,compliance article,Compliance evidence по кнопке: чего на самом деле ждут аудиторы,"Статья о том, как автоматизировать сбор следов из CI/CD и инфраструктуры без ручного хаоса перед каждой проверкой.","DevOps leads, compliance managers, platform teams",intermediate,10,DevOps,DevOps | Security | Frontend,Матвей Лебедева,draft,compliance | evidence | audit,4
#AR00026,Публичный,UX/UI Design,practical guide,Как проектировать adaptive UI без ощущения магии и потери контроля,"Разбор того, как делать интерфейсы адаптивными к контексту пользователя, не превращая продукт в непредсказуемый черный ящик.","product designers, frontend-разработчики, accessibility-команды",beginner,12,UX/UI Design,Frontend | AI / ML | UX/UI Design,Алексей Захаров,published,adaptive-ui | accessibility | product-design,11
#AR00027,Публичный,Mobile,product analysis,Care apps для семьи и сиделок: где мобильность действительно меняет качество ухода,"Статья о мобильных сценариях координации ухода, напоминаний и журналов самочувствия между несколькими людьми.","health app teams, mobile PMs, founders",intermediate,10,Mobile,Mobile | Backend | Security,Лев Семенов,draft,caregiving | health | coordination,27
#AR00028,Приватный,Backend,security-backend article,"Audit log как доказательная система, а не просто таблица событий","Статья о неизменяемых журналах, трассировке причин и построении доверия к действиям людей и интеграций.","backend engineers, compliance teams, security architects",advanced,15,Backend,Backend | Security | Frontend,Кирилл Волков,published,audit-log | compliance | forensics,9
#AR00029,Публичный,AI / ML,expert article,Объяснимый AI для юркоманд: что значит доверять модели в договорной работе,"Материал о том, как строить объяснения, confidence и human-in-the-loop в юридических copilot-продуктах.","legaltech teams, ML product managers, security teams",beginner,10,AI / ML,AI / ML | Security | Backend,Анна Волков,review,legal-ai | explainability | human-in-the-loop,18
#AR00030,Приватный,Frontend,applied frontend guide,"Картографические интерфейсы для сервисных команд: сложнее, чем нанести точки","Разбор гео-интерфейсов, где нужно показать покрытие, приоритеты, время отклика и перегруженность команд.","frontend engineers, logistics teams, map product teams",beginner,12,Frontend,Frontend | Backend | Data Science,Алина Морозов,published,maps | geospatial | operations,7
#AR00031,Приватный,Frontend,concept article,"Infinite canvas в рабочих приложениях: не игрушка, а другой способ думать","Статья о том, когда свободное пространство и нелинейная компоновка действительно помогают пользователю мыслить и исследовать.","frontend architects, designers, product managers",beginner,12,Frontend,Frontend | UX/UI Design | AI / ML,Вероника Новиков,draft,canvas | spatial-ui | interaction-design,3
#AR00032,Приватный,Backend,architecture article,Provisioning новых tenant-пространств без ручного страдания,"Статья о backend-архитектуре для SaaS, где создание нового клиента должно быть управляемым, повторяемым и безопасным.","SaaS architects, backend leads, DevOps teams",intermediate,18,Backend,Backend | DevOps | Security,Вероника Новиков,review,multi-tenant | saas | provisioning,22
#AR00033,Публичный,DevOps,reliability essay,"Auto-remediation без самообмана: где автоматика помогает, а где опасна","Материал про автоматические реакции на инциденты, SLO и границы безопасной автономности в production.","SRE teams, DevOps engineers, incident managers",beginner,6,DevOps,DevOps | Backend | Security,Лев Смирнов,draft,sre | incident-response | automation,4
#AR00034,Публичный,Mobile,community product essay,Соседские приложения и доверие: почему локальное сообщество нельзя построить только чатом,"Материал о механиках доверия, верификации и офлайн-перехода в community-продуктах для соседей и районов.","community product teams, mobile builders, founders",beginner,6,Mobile,Mobile | Security | UX/UI Design,Роман Соколова,review,community | trust | local-network,5
#AR00035,Публичный,Frontend,tooling article,QA-проверка интерфейсов поверх продакшна: новый слой между дизайном и кодом,"Материал о frontend-инструментах, которые помогают ревьюить токены, отступы и accessibility прямо в боевом интерфейсе.","frontend teams, design systems teams, QA engineers",advanced,8,Frontend,Frontend | UX/UI Design | Backend,Илья Павлова,review,qa | design-systems | frontend-tooling,14
#AR00036,Публичный,Security,technical concept,IoT security graph: как визуализация связей меняет модель защиты устройств,"Материал о графовом подходе к анализу доверия между устройствами, прошивками и сетевым поведением.","IoT teams, security engineers, platform architects",advanced,15,Security,Security | Data Science | Frontend,Анна Смирнов,published,iot | security-graph | device-trust,19
#AR00037,Публичный,Backend,migration essay,Интеграционный слой между legacy и SaaS: как не утонуть в синхронизации,"Практический текст о компромиссах между очередями, трансформацией схем и реальным поведением старых систем.","backend teams, integration engineers, CTOs",advanced,6,Backend,Backend | DevOps | Data Science,Матвей Павлова,published,legacy | sync | migration,29
#AR00038,Публичный,Mobile,market overview,"Anti-tourist travel apps: мобильные продукты для тех, кто устал от топ-10 мест","Материал о мобильных сервисах, которые помогают находить тихие маршруты и менее очевидные локальные сценарии.","mobile founders, travel product teams, designers",advanced,18,Mobile,Mobile | UX/UI Design | Data Science,Алина Тарасова,review,travel | mobile | local-discovery,18
#AR00039,Публичный,Security,deception article,"Honeytokens для приватных data room: защита через наблюдение, а не только запрет","Статья о том, как deception engineering помогает быстрее замечать подозрительное поведение в чувствительных хранилищах.","security teams, compliance officers, B2B platform owners",advanced,15,Security,Security | Backend | Frontend,Илья Степанова,draft,honeytokens | deception | data-room,5
#AR00040,Публичный,DevOps,finops guide,FinOps до релиза: как внедрить cost gates и не сломать delivery,"Практический текст о том, как оценивать стоимость изменений до выкатки и не превращать это в бюрократию.","DevOps teams, CTOs, cloud engineers",advanced,12,DevOps,DevOps | Data Science | Backend,Михаил Захаров,review,finops | cloud-cost | delivery,3
#AR00041,Публичный,Data Science,sports data essay,Состав команды в киберспорте как data science-задача,"Материал о совместимости ролей, стилях игры и аналитике, которая помогает собирать более устойчивые составы.","analysts, esports managers, game communities",advanced,10,Data Science,Data Science | GameDev | Frontend,Иван Семенов,review,esports | team-building | sports-analytics,23
#AR00042,Публичный,Data Science,industry data article,Данные для энергосетей: почему хороший прогноз важнее красивого дашборда,"Материал о практической пользе предиктивной аналитики в локальных сетях, зданиях и микрогридах.","data teams, energy startups, platform leads",advanced,15,Data Science,Data Science | AI / ML | Frontend,Алина Степанова,draft,energy | forecasting | decision-support,20
#AR00043,Приватный,AI / ML,trend report,Vertical AI agents: почему узкие агенты выигрывают у универсальных,"Статья о том, почему специализированные AI-агенты в логистике, закупках и compliance часто полезнее горизонтальных ассистентов.","startup teams, ML architects, B2B founders",beginner,18,AI / ML,AI / ML | Backend | DevOps,Вероника Макаров,published,ai-agents | b2b | vertical-ai,5
#AR00044,Публичный,UX/UI Design,editorial analysis,"Почему дизайн-система ломается не в Figma, а в команде","Материал о governance, ролях и договоренностях, без которых даже хорошая дизайн-система быстро расходится по продуктам.","design leads, frontend leads, product managers",advanced,18,UX/UI Design,UX/UI Design | Frontend | DevOps,Кирилл Захаров,review,design-system | governance | team-process,13
#AR00045,Публичный,DevOps,security-devops article,Ротация секретов без ночных аварий и ручных rituals,"Материал о том, как строить безопасную и повторяемую замену ключей, не ломая интеграции в неожиданный момент.","DevOps teams, security engineers, backend engineers",advanced,12,DevOps,DevOps | Security | Backend,Елизавета Павлова,review,secrets | rotation | security-ops,19
#AR00046,Публичный,Frontend,product frontend essay,Почему продуктовым командам нужен интерфейс для чтения A/B-экспериментов,"Статья про то, как визуальный слой влияет на качество обсуждения экспериментов и скорость принятия решений.","frontend engineers, growth teams, product analysts",intermediate,15,Frontend,Frontend | Data Science | UX/UI Design,Мария Макаров,draft,ab-testing | product-analytics | decision-making,28
#AR00047,Приватный,DevOps,platform engineering article,IDP как продукт: почему разработчики не обязаны любить вашу платформу,"Статья о внутренней платформе как продукте для инженеров, а не как наборе правил и формальных процессов.","platform engineers, DevOps leads, engineering managers",advanced,12,DevOps,DevOps | Backend | Frontend,Иван Белов,published,idp | platform-engineering | developer-experience,20
#AR00048,Приватный,DevOps,ops playbook article,"Disaster recovery как регулярная инженерная практика, а не PDF-файл","Разбор того, как превращать DR из документа для галочки в серию управляемых репетиций и проверок.","DevOps engineers, SRE leads, compliance teams",beginner,15,DevOps,DevOps | Security | Backend,Роман Степанова,review,disaster-recovery | resilience | drills,15
#AR00049,Публичный,Mobile,applied sustainability article,Фуд-рескью возле дома: мобильные сценарии для спасения еды,"Статья о том, как геолокация, тайминг и микронаграды делают продукты по спасению еды удобными и массовыми.","mobile teams, sustainability founders, data analysts",intermediate,18,Mobile,Mobile | Data Science | Backend,Елизавета Орлова,draft,food-rescue | sustainability | geolocation,16
#AR00050,Приватный,GameDev,creative tech article,UGC-инструменты для музеев: когда GameDev становится культурной инфраструктурой,"Материал о платформах, где сами кураторы и институции собирают игровые маршруты и интерактивные истории.","gamedev builders, museum tech teams, creative coders",intermediate,12,GameDev,GameDev | Frontend | UX/UI Design,Михаил Козлова,review,ugc | museums | interactive-storytelling,8
#AR00051,Публичный,UX/UI Design,framework article,Calm interfaces для перегруженных операционных ролей,"Фреймворк проектирования интерфейсов для курьеров, диспетчеров и field teams, которым некогда читать длинные тексты и искать нужное действие.","service designers, mobile teams, ops-product managers",advanced,8,UX/UI Design,UX/UI Design | Mobile | Frontend,Илья Тарасова,review,calm-ui | ops-ui | field-service,2
#AR00052,Публичный,UX/UI Design,opinion piece,"Dark mode, alert mode, crisis mode: зачем продукту несколько состояний интерфейса","Статья объясняет, почему интерфейсы для инцидентов и ночных смен нельзя сводить к простой теме оформления.","design systems teams, frontend engineers, ops leaders",beginner,8,UX/UI Design,UX/UI Design | Frontend | Backend,Максим Козлова,draft,crisis-ui | design-systems | resilience,10
#AR00053,Публичный,Security,threat analysis,AiTM-фишинг после MFA: почему старые антифишинговые меры уже не хватает,"Статья о новом поколении атак через прокси, краже токенов сессий и изменении defensive-мышления.","blue teams, security analysts, founders",intermediate,6,Security,Security | Backend | Data Science,Михаил Козлова,review,aitm | phishing | session-theft,24
#AR00054,Публичный,AI / ML,strategic essay,AI-наставник в образовании: персонализация без иллюзии идеального учителя,"Размышление о том, где AI реально усиливает обучение, а где просто маскирует слабую методологию красивыми рекомендациями.","edtech teams, AI product managers, educators",beginner,6,AI / ML,AI / ML | Data Science | UX/UI Design,Дарья Павлова,published,edtech | personalization | learning-ai,9
